www.youtube.com;https://www.youtube.com/watch?v=sqByKDja11g;168 × 94 · 7 dias atrás — O presidente Jair Bolsonaro (sem partido) criticou hoje as perguntas feitas ao ministro da Saúde, Marcelo Queiroga, durante seu depoimento à ...
www.poder360.com.br;https://www.poder360.com.br/governo/bolsonaro-volta-a-imitar-pessoa-com-falta-de-ar-e-chama-mandetta-de-canalha/;1280 × 720 · 7 dias atrás — Comenta depoimento de ex-ministro na CPI da Covid. "Ser ministro de fora é fácil", declara. Leia no Poder360.
www.em.com.br;https://www.em.com.br/app/noticia/politica/2021/05/06/interna_politica,1264226/bolsonaro-em-live-a-astrazeneca-vai-aumentar-o-lucro-em-2021.shtml;620 × 372 · 7 dias atrás — Presidente afirma que a empresa inglesa será a principal beneficiada na pandemia e disse que toma Coca-Cola quando tem problema no ...
www.em.com.br;https://www.em.com.br/app/noticia/politica/2021/05/06/interna_politica,1264218/bolsonaro-se-nao-tiver-voto-impresso-em-2022-nao-tem-eleicao.shtml;620 × 372 · 7 dias atrás — O presidente Jair Bolsonaro (sem partido) atacou, nesta quinta-feira (6/5), o ministro do Supremo Tribunal Federal (STF) Luís Roberto Barroso ...
www.youtube.com;https://www.youtube.com/watch?v=McMHfxAk-4s;168 × 94 · 6 de mai. de 2021 — URGENTE: A maioria do STF votou para derrubar a norma que permite a prorrogação de patentes.Instagram: ...
www.cartacapital.com.br;https://www.cartacapital.com.br/carta-capital/lira-instala-comissao-especial-para-analisar-pec-do-voto-impresso/amp/;1200 × 720 · 12 horas atrás — O presidente da Câmara dos Deputados, Arthur Lira (Progressitas-AL), instalou no início da madrugada desta quinta-feira 13 a comissão ...
www.youtube.com;https://www.youtube.com/watch?v=0SUU7o6WBsc;168 × 94 · 6 dias atrás — Humberto Costa e Luis Heinze falam sobre CPI da Pandemia. #CNNBrasilInscreva-se no canal da CNN Brasil no YouTube: ...
www.youtube.com;https://www.youtube.com/watch?v=qNKWg9vYqzI;320 × 180 · 7 dias atrás — Presidente contestou o ministro do STF afirmar que a mudança no sistema de votação atrapalharia um "sistema que já funciona muitíssimo ...
www.cartacapital.com.br;https://www.cartacapital.com.br/cartaexpressa/se-nao-tiver-voto-impresso-e-sinal-de-que-nao-vai-ter-eleicao-diz-bolsonaro/;1200 × 720 · 7 dias atrás — Em dia de Queiroga na CPI, o presidente usou transmissão nas redes sociais para atacar as urnas eletrônicas.
www.youtube.com;https://www.youtube.com/watch?v=pbZS6tNg8d0;168 × 94 · 5 dias atrás — O presidente Jair Bolsonaro disse neste sábado (8.mai.2021), em conversa com apoiadores no Palácio da Alvorada, que fará um vídeo junto ...
www.youtube.com;https://www.youtube.com/watch?v=S3QL5HPKLjA;168 × 94 · 5 de mai. de 2021 — O presidente Jair Bolsonaro sugeriu hoje que a China se beneficiou com a pandemia - e voltou a questionar as medidas restritivas de estados ...
www.em.com.br;https://www.em.com.br/app/noticia/politica/2021/05/06/interna_politica,1264240/bolsonaro-em-live-quando-tenho-problema-de-estomago-tomo-coca-cola.shtml;620 × 372 · 7 dias atrás — Presidente defendeu o uso de cloroquina e disse que é problema dele se o bucho ficar corroído ao tomar refrigerante para curar dores ...
www.youtube.com;https://www.youtube.com/watch?v=IH_U1YyWkdQ;1280 × 720 · 23 de abr. de 2021 — O presidente Jair Bolsonaro disse nesta 6ª feira (23.abr.2021) que sua equipe conseguiu “colaborar e muito” para reduzir os danos da ...
www.cartacapital.com.br;https://www.cartacapital.com.br/cartaexpressa/bolsonaro-volta-a-ameacar-com-decreto-anti-distanciamento-preferimos-morrer-lutando-do-que-perecer-em-casa/;1200 × 720 · 6 dias atrás — O presidente Jair Bolsonaro voltou nesta sexta-feira 7 a ameaçar a edição de um decreto para impedir que prefeitos e governadores adotem ...
www.youtube.com;https://www.youtube.com/watch?v=1bqQUnvJB-g;168 × 94 · 7 dias atrás — O presidente Jair Bolsonaro disse nesta 5ª feira (6.mai.2021) que, se o voto impresso e auditável for aprovado no Congresso, será adotado no ...
www.youtube.com;https://www.youtube.com/watch?v=Ne_EJgYm2JQ;1280 × 720 · 27 de nov. de 2020 — O Poder360 teve acesso a 5 vídeos da noite em que o senador Irajá Abreu (PSD-TO) conheceu a mulher que o acusou de tê-la estuprado.
www.youtube.com;https://www.youtube.com/watch?v=5mJizydLDF0;1280 × 720 · 4 de abr. de 2021 — Tem gente com fome”. Esse é o mote de campanha do movimento negro que já arrecadou mais de R$ 5 milhões em doações para combater a ...
www.cartacapital.com.br;https://www.cartacapital.com.br/cartaexpressa/fachin-populismo-totalitario-e-a-antessala-do-golpe/;1200 × 720 · 3 dias atrás — Para ministro do STF, que presidirá o TSE, 'precisamos sair da crise sem sair da democracia'
noticiasdatv.uol.com.br;https://noticiasdatv.uol.com.br/noticia/celebridades/samantha-schmutz-se-revolta-com-brincadeira-de-bolsonaro-sobre-pandemia-57100;1280 × 720 · 5 dias atrás — Samantha Schmütz se revoltou com uma brincadeira de péssimo gosto feita por Jair Bolsonaro durante uma live nesta semana.
www.cartacapital.com.br;https://www.cartacapital.com.br/politica/pai-da-urna-eletronica-giuseppe-janino-sai-de-cargo-de-chefia-no-tse/amp/;1200 × 720 · 2 dias atrás — Janino saiu 'a pedido' do comando da Secretaria de Tecnologia da Informação, segundo o TSE, e será substituído por Júlio Valente.
www.giromarilia.com.br;https://www.giromarilia.com.br/noticia/giro-cidades/bolsonaro-diz-que-brasil-e-republiqueta-por-usar-voto-eletronico-assista/55263;320 × 180 · 7 dias atrás — O presidente Jair Bolsonaro (sem partido) criticou nesta quinta-feira (6) uma declaração do ministro Luís Roberto Barroso , presidente do ...
jornaldebrasilia.com.br;https://jornaldebrasilia.com.br/noticias/politica-e-poder/bolsonaro-diz-que-fara-passeio-com-mais-de-mil-motos-no-domingo/;1000 × 600 · 6 de mai. de 2021 — "Todo mundo tem o direito de ir e vir", afirmou Bolsonaro durante a transmissão semanal ao vivo. A concentração será na Praça da Alvorada.
news.google.com;https://news.google.com/?cf=all&hl=pt-BR&pz=1&csid=f8bb8b122057188f&redirect=true&gl=BR&ceid=BR:pt-419;1200 × 720 — Notícias sobre a COVID-19:Acompanhe toda a cobertura sobre o coronavírus (COVID-19). G1. Imprensa internacional destaca operação policial que deixou 25 ...
www.youtube.com;https://www.youtube.com/watch?v=NTFj1xAwg2M;686 × 386 · 18 de mar. de 2021 — O presidente Jair Bolsonaro voltou a defender o “tratamento inicial” contra covid-19 em live desta 5ª feira (18.mar.2021). Ele imitou uma ...
www.youtube.com;https://www.youtube.com/watch?v=vO6TlUcUVZA;1280 × 720 · 7 dias atrás — O presidente Jair Bolsonaroo voltou a imitar uma pessoa com falta de ar em transmissão ao vivo feita em suas páginas nas redes sociais ...
bhaz.com.br;https://bhaz.com.br/2021/05/07/bolsonaro-chama-jornal-nacional-de-lixo-e-diz-que-prefere-chaves/;1200 × 675 · 6 dias atrás — O presidente Jair Bolsonaro (sem partido) voltou a criticar o Jornal Nacional, da TV Globo, na noite de ontem (6), em sua tradicional live.
catracalivre.com.br;https://catracalivre.com.br/cidadania/bolsonaro-imita-pessoa-com-falta-de-ar-para-defender-cloroquina/;480 × 360 — O presidente, mais uma vez, chamou o ex-ministro da Saúde, Luiz Henrique Mandetta de 'canalha' por defender a ciência. 07/05/2021 - 10:43. Por: Redação.
bhaz.com.br;https://bhaz.com.br/bolsonaro-chama-jornal-nacional-de-lixo-e-diz-que-prefere-chaves/;1200 × 675 · 6 dias atrás — O presidente Jair Bolsonaro (sem partido) voltou a criticar o Jornal Nacional, da TV Globo, na noite de ontem (6), em sua tradicional live.
jornaldebrasilia.com.br;https://jornaldebrasilia.com.br/tag/pmdf/;1000 × 600 — Notícias. Desembargador revoga última prisão de Cunha. Política & Poder. Patente: maioria do STF vota para derrubar norma. Política & Poder. Assessor ...
jornaldebrasilia.com.br;https://jornaldebrasilia.com.br/tag/essence-makeup/;1000 × 600 — Brasil. Após ação com 25 mortos, polícia do RJ diz. Política & Poder. Assessor especial da Presidência ataca STF. Brasil. Crime em creche de SC foi planejado ...
jornaldebrasilia.com.br;https://jornaldebrasilia.com.br/tag/mato-grosso/;1000 × 600 — Notícias. Desembargador revoga última prisão de Cunha. Política & Poder. Patente: maioria do STF vota para derrubar norma. Política & Poder. Assessor ...
jornaldebrasilia.com.br;https://jornaldebrasilia.com.br/tag/planaltina/;1000 × 600 — Notícias. Desembargador revoga última prisão de Cunha. Política & Poder. Patente: maioria do STF vota para derrubar norma. Política & Poder. Assessor ...
jornaldebrasilia.com.br;https://jornaldebrasilia.com.br/tag/casos-confirmados-de-covid-19/;1000 × 600 — Notícias. Desembargador revoga última prisão de Cunha. Política & Poder. Patente: maioria do STF vota para derrubar norma. Política & Poder. Assessor ...
www.diarioonline.com.br;https://www.diarioonline.com.br/noticias/politica/652344/bolsonaro-volta-a-imitar-pessoa-com-falta-de-ar;1280 × 720 · 5 dias atrás — O presidente Jair Bolsonaro (sem partido) utilizou gestos e expressões faciais para imitar o que seria uma pessoa com falta de ar.
portalgongogi.com;https://portalgongogi.com/bolsonaro-volta-a-imitar-pessoa-com-falta-de-ar-e-chama-mandetta-de-canalha/portalgongogi/;1280 × 720 · 7 dias atrás — O presidente Jair Bolsonaro voltou a imitar uma pessoa com falta de ar em transmissão ao vivo feita em suas páginas nas redes sociais ...
jornaldebrasilia.com.br;https://jornaldebrasilia.com.br/tag/bilhete-premiado/;1000 × 600 — Brasil. Após ação com 25 mortos, polícia do RJ diz. Política & Poder. Assessor especial da Presidência ataca STF. Brasil. Crime em creche de SC foi planejado ...
www.youtube.com;https://www.youtube.com/watch?v=gsIxjf_xbGc;168 × 94 · 7 dias atrás — Este canal foi considerado pela moderação do YOUTUBE, como conteúdo nocivo, portanto sendo DESMONETIZADO $$APOIE $$$ ESTE ...
www.youtube.com;https://www.youtube.com/watch?v=84-IVEmK1f8;168 × 94 · 6 de mai. de 2021 — SalveProgressistasSeja Membro do nosso canal e participe do grupo exclusivo do WhatsApp: ...
blogdaamazonia.com;https://blogdaamazonia.com/bolsonaro-volta-a-imitar-pessoa-com-falta-de-ar-e-chama-mandetta-de-canalha/;1280 × 720 · 6 dias atrás — O presidente Jair Bolsonaro voltou a imitar uma pessoa com falta de ar em transmissão ao vivo feita em suas páginas nas redes sociais ...
belemonline.com.br;http://belemonline.com.br/bolsonaro-volta-a-imitar-pessoa-com-falta-de-ar-politica-diario-online/;1280 × 720 · 5 dias atrás — O presidente Jair Bolsonaro (sem partido) utilizou gestos e expressões faciais para imitar o que seria uma pessoa com falta de ar.
www.blogdojoaomarcolino.com;https://www.blogdojoaomarcolino.com/2021/05/bolsonaro-volta-imitar-pessoa-com-falta.html;1280 × 720 · 6 dias atrás — O presidente Jair Bolsonaro voltou a imitar uma pessoa com falta de ar em transmissão ao vivo feita em suas páginas nas redes sociais ...
internetgeneration.th-cam.com;https://internetgeneration.th-cam.com/;320 × 180 — O canal de vídeos do iG no TH-cam Brasil.\nAssine nosso canal, compartilhe nossos vídeos e clique no sininho para receber as notificações de novos vídeos!
newsbeezer.com;https://newsbeezer.com/brazil/se-nao-houver-voto-impresso-e-sinal-de-que-nao-havera-eleicao-diz-bolsonaro/;1200 × 720 · 7 dias atrás — No dia em que a CPI da Covid coleta o depoimento do ministro da Saúde Marcelo Queiroga, o presidente Jair Bolsonaro usou sua ...
br.domiplay.net;https://br.domiplay.net/video/-resultado-dupla-sena-2219-06-05-21-canal-b6ynhe;320 × 180 · 21 de mai. de 2006 — Recibe videos similares por correo electrónico. Suscríbete y te enviaremos los videos por email desde que se publiquen.
br.domiplay.net;https://br.domiplay.net/video/mais-de-20-pessoas-morrem-07-05-21-rede-3xtqym;320 × 180 · 7 dias atrás — Recibe videos similares por correo electrónico. Suscríbete y te enviaremos los videos por email desde que se publiquen.
br.domiplay.net;https://br.domiplay.net/video/policial-atira-em-motorista-de-06-05-21-rede-30qwpm;320 × 180 · 21 de mai. de 2006 — Recibe videos similares por correo electrónico. Suscríbete y te enviaremos los videos por email desde que se publiquen.
br.domiplay.net;https://br.domiplay.net/video/felipe-moura-brasil-aliados-de-05-05-21-radio-j6l-do;320 × 180 · 6 de mai. de 2021 — O âncora do Salve, Salve, BandNews! falou sobre o depoimento do ex-ministro da Saúde Nelson Teich, que foi o segundo a falar aos ...
br.domiplay.net;https://br.domiplay.net/video/me-de-paulo-gustavo-faz-07-05-21-tvnews-veq6fo;320 × 180 — Recibe videos similares por correo electrónico. Suscríbete y te enviaremos los videos por email desde que se publiquen.
br.domiplay.net;https://br.domiplay.net/video/quina-5557-com-a-manu-06-05-21-wilson-l7ttiw;320 × 180 · 21 de mai. de 2006 — Recibe videos similares por correo electrónico. Suscríbete y te enviaremos los videos por email desde que se publiquen.
br.domiplay.net;https://br.domiplay.net/video/noticias-em-audio-teich-diz-05-05-21-dw-5ayvho;320 × 180 · 21 de mai. de 2005 — 05/05/21: Ouça o boletim de notícias da DW, com os destaques nacionais e internacionais do dia, transmitidos diretamente da Alemanha.
br.domiplay.net;https://br.domiplay.net/video/resultado-da-quina-concurso-06-05-21-rede-2h1gvo;320 × 180 · 21 de mai. de 2006 — Recibe videos similares por correo electrónico. Suscríbete y te enviaremos los videos por email desde que se publiquen.
br.domiplay.net;https://br.domiplay.net/video/teich-e-mandetta-jogam-a-05-05-21-canal-vccjge;320 × 180 · 6 de mai. de 2021 — Ferreira analisa as principais falas dos depoimentos dos ex-ministros da Saúde, Nelson Teich e Luiz Henrique Mandetta, na CPI da Covid 19.
br.domiplay.net;https://br.domiplay.net/video/covid-quebra-de-patentes-06-05-21-brasil-vcgdhe;320 × 180 · 21 de mai. de 2006 — Confira os destaques do Central do Brasil desta quinta (6): Nacional - Mineradora Vale tem lucro 2000% maior em plena pandemia Trilhos ...
br.domiplay.net;https://br.domiplay.net/video/insegurana-por-estar-acima-do-05-05-21-andre-klakng;320 × 180 · 21 de mai. de 2005 — Recibe videos similares por correo electrónico. Suscríbete y te enviaremos los videos por email desde que se publiquen.
br.domiplay.net;https://br.domiplay.net/video/-resultado-da-mega-sena-06-05-21-canal-hfun0;320 × 180 · 7 dias atrás — Recibe videos similares por correo electrónico. Suscríbete y te enviaremos los videos por email desde que se publiquen.
